-- Large-map Exploration ocean travel: relax the base ocean movement rule and
-- add ocean-tile movement bonuses to the relevant Exploration techs.

UPDATE UnitMovementClassObstacles
SET EndsTurn = 0
WHERE TerrainType = 'TERRAIN_OCEAN';

INSERT OR IGNORE INTO RequirementSets
		(RequirementSetId, RequirementSetType)
VALUES	('REQSET_YNAMP_UNIT_ON_OCEAN', 'REQUIREMENTSET_TEST_ALL');

INSERT OR IGNORE INTO Requirements
		(RequirementId, RequirementType)
VALUES	('REQ_YNAMP_UNIT_ON_OCEAN', 'REQUIREMENT_PLOT_TERRAIN_TYPE_MATCHES');

INSERT OR IGNORE INTO Requirements
		(RequirementId, RequirementType)
VALUES	('REQ_YNAMP_UNIT_DOMAIN_LAND', 'REQUIREMENT_UNIT_DOMAIN_MATCHES');

INSERT OR IGNORE INTO RequirementArguments
		(RequirementId, Name, Value)
VALUES	('REQ_YNAMP_UNIT_ON_OCEAN', 'TerrainType', 'TERRAIN_OCEAN');

INSERT OR IGNORE INTO RequirementArguments
		(RequirementId, Name, Value)
VALUES	('REQ_YNAMP_UNIT_DOMAIN_LAND', 'UnitDomain', 'DOMAIN_LAND');

INSERT OR IGNORE INTO RequirementSetRequirements
		(RequirementId, RequirementSetId)
VALUES	('REQ_YNAMP_UNIT_ON_OCEAN', 'REQSET_YNAMP_UNIT_ON_OCEAN');

INSERT OR IGNORE INTO RequirementSets
		(RequirementSetId, RequirementSetType)
VALUES	('REQSET_YNAMP_NAVAL_UNIT_ON_OCEAN', 'REQUIREMENTSET_TEST_ALL');

INSERT OR IGNORE INTO RequirementSets
		(RequirementSetId, RequirementSetType)
VALUES	('REQSET_YNAMP_LAND_UNIT_ON_OCEAN', 'REQUIREMENTSET_TEST_ALL');

INSERT OR IGNORE INTO RequirementSetRequirements
		(RequirementId, RequirementSetId)
VALUES	('REQ_YNAMP_UNIT_ON_OCEAN', 'REQSET_YNAMP_NAVAL_UNIT_ON_OCEAN');

INSERT OR IGNORE INTO RequirementSetRequirements
		(RequirementId, RequirementSetId)
VALUES	('REQ_UNIT_CLASS_NAVAL', 'REQSET_YNAMP_NAVAL_UNIT_ON_OCEAN');

INSERT OR IGNORE INTO RequirementSetRequirements
		(RequirementId, RequirementSetId)
VALUES	('REQ_YNAMP_UNIT_ON_OCEAN', 'REQSET_YNAMP_LAND_UNIT_ON_OCEAN');

INSERT OR IGNORE INTO RequirementSetRequirements
		(RequirementId, RequirementSetId)
VALUES	('REQ_YNAMP_UNIT_DOMAIN_LAND', 'REQSET_YNAMP_LAND_UNIT_ON_OCEAN');

-- Detach the base game's ocean-obstacle modifier from Shipbuilding: the
-- UnitMovementClassObstacles update above already makes it a no-op globally,
-- so we remove only the tech-tree link and leave the modifier row intact.
DELETE FROM ProgressionTreeNodeUnlocks
WHERE ProgressionTreeNodeType = 'NODE_TECH_EX_SHIPBUILDING'
  AND TargetType = 'MOD_TECH_EX_NO_OCEAN_OBSTACLE';

INSERT OR IGNORE INTO Types
		(Type, Kind)
VALUES	('MOD_YNAMP_EX_SHIPBUILDING_OCEAN_ALL_MOVEMENT_TYPE', 'KIND_MODIFIER'),
		('MOD_YNAMP_EX_ASTRONOMY_OCEAN_NAVAL_MOVEMENT_TYPE', 'KIND_MODIFIER'),
		('MOD_YNAMP_EX_CARTOGRAPHY_OCEAN_EMBARKED_MOVEMENT_TYPE', 'KIND_MODIFIER');

INSERT OR IGNORE INTO DynamicModifiers
		(ModifierType, CollectionType, EffectType)
VALUES	('MOD_YNAMP_EX_SHIPBUILDING_OCEAN_ALL_MOVEMENT_TYPE', 'COLLECTION_PLAYER_UNITS', 'EFFECT_UNIT_ADJUST_MOVEMENT'),
		('MOD_YNAMP_EX_ASTRONOMY_OCEAN_NAVAL_MOVEMENT_TYPE', 'COLLECTION_PLAYER_UNITS', 'EFFECT_UNIT_ADJUST_MOVEMENT'),
		('MOD_YNAMP_EX_CARTOGRAPHY_OCEAN_EMBARKED_MOVEMENT_TYPE', 'COLLECTION_PLAYER_UNITS', 'EFFECT_ADJUST_UNIT_EMBARKED_MOVEMENT');

INSERT OR IGNORE INTO Modifiers
		(ModifierId, ModifierType, NewOnly, OwnerRequirementSetId, OwnerStackLimit, Permanent, RunOnce, SubjectRequirementSetId, SubjectStackLimit)
VALUES	('MOD_YNAMP_EX_SHIPBUILDING_OCEAN_ALL_MOVEMENT', 'MOD_YNAMP_EX_SHIPBUILDING_OCEAN_ALL_MOVEMENT_TYPE', 0, NULL, NULL, 0, 0, 'REQSET_YNAMP_UNIT_ON_OCEAN', NULL),
		('MOD_YNAMP_EX_ASTRONOMY_OCEAN_NAVAL_MOVEMENT', 'MOD_YNAMP_EX_ASTRONOMY_OCEAN_NAVAL_MOVEMENT_TYPE', 0, NULL, NULL, 0, 0, 'REQSET_YNAMP_NAVAL_UNIT_ON_OCEAN', NULL),
		('MOD_YNAMP_EX_CARTOGRAPHY_OCEAN_EMBARKED_MOVEMENT', 'MOD_YNAMP_EX_CARTOGRAPHY_OCEAN_EMBARKED_MOVEMENT_TYPE', 0, NULL, NULL, 0, 0, 'REQSET_YNAMP_LAND_UNIT_ON_OCEAN', NULL);

INSERT OR IGNORE INTO ModifierArguments
		(ModifierId, Name, Value)
VALUES	('MOD_YNAMP_EX_SHIPBUILDING_OCEAN_ALL_MOVEMENT', 'Amount', '1'),
		('MOD_YNAMP_EX_ASTRONOMY_OCEAN_NAVAL_MOVEMENT', 'Amount', '1'),
		('MOD_YNAMP_EX_CARTOGRAPHY_OCEAN_EMBARKED_MOVEMENT', 'Amount', '1');

INSERT OR IGNORE INTO ModifierStrings
		(Context, ModifierId, Text)
VALUES	('Description', 'MOD_YNAMP_EX_SHIPBUILDING_OCEAN_ALL_MOVEMENT', 'LOC_YNAMP_MOD_EXPLORATION_OCEAN_OBSTACLE_MOVEMENT_DESCRIPTION'),
		('Description', 'MOD_YNAMP_EX_ASTRONOMY_OCEAN_NAVAL_MOVEMENT', 'LOC_YNAMP_MOD_EXPLORATION_OCEAN_NAVAL_MOVEMENT_DESCRIPTION'),
		('Description', 'MOD_YNAMP_EX_CARTOGRAPHY_OCEAN_EMBARKED_MOVEMENT', 'LOC_YNAMP_MOD_EXPLORATION_OCEAN_EMBARKED_MOVEMENT_DESCRIPTION');

INSERT OR IGNORE INTO ProgressionTreeNodeUnlocks
		(ProgressionTreeNodeType, TargetKind, TargetType, UnlockDepth)
VALUES	('NODE_TECH_EX_SHIPBUILDING', 'KIND_MODIFIER', 'MOD_YNAMP_EX_SHIPBUILDING_OCEAN_ALL_MOVEMENT', 1),
		('NODE_TECH_EX_ASTRONOMY', 'KIND_MODIFIER', 'MOD_YNAMP_EX_ASTRONOMY_OCEAN_NAVAL_MOVEMENT', 1),
		('NODE_TECH_EX_CARTOGRAPHY', 'KIND_MODIFIER', 'MOD_YNAMP_EX_CARTOGRAPHY_OCEAN_EMBARKED_MOVEMENT', 1);