-- Large-map Modern ocean travel: relax base ocean movement rule and
-- add +2 movement for naval and embarked units when starting on ocean tiles.

INSERT OR IGNORE INTO RequirementSets
		(RequirementSetId, RequirementSetType)
VALUES	('REQSET_YNAMP_UNIT_ON_OCEAN', 'REQUIREMENTSET_TEST_ALL');

INSERT OR IGNORE INTO Requirements
		(RequirementId, RequirementType)
VALUES	('REQ_YNAMP_UNIT_ON_OCEAN', 'REQUIREMENT_PLOT_TERRAIN_TYPE_MATCHES');

INSERT OR IGNORE INTO Requirements
		(RequirementId, RequirementType)
VALUES	('REQ_YNAMP_UNIT_DOMAIN_LAND', 'REQUIREMENT_UNIT_DOMAIN_MATCHES');

INSERT OR IGNORE INTO RequirementArguments
		(RequirementId, Name, Value)
VALUES	('REQ_YNAMP_UNIT_ON_OCEAN', 'TerrainType', 'TERRAIN_OCEAN');

INSERT OR IGNORE INTO RequirementArguments
		(RequirementId, Name, Value)
VALUES	('REQ_YNAMP_UNIT_DOMAIN_LAND', 'UnitDomain', 'DOMAIN_LAND');

INSERT OR IGNORE INTO RequirementSetRequirements
		(RequirementId, RequirementSetId)
VALUES	('REQ_YNAMP_UNIT_ON_OCEAN', 'REQSET_YNAMP_UNIT_ON_OCEAN');

INSERT OR IGNORE INTO RequirementSets
		(RequirementSetId, RequirementSetType)
VALUES	('REQSET_YNAMP_NAVAL_UNIT_ON_OCEAN', 'REQUIREMENTSET_TEST_ALL');

INSERT OR IGNORE INTO RequirementSets
		(RequirementSetId, RequirementSetType)
VALUES	('REQSET_YNAMP_LAND_UNIT_ON_OCEAN', 'REQUIREMENTSET_TEST_ALL');

INSERT OR IGNORE INTO RequirementSetRequirements
		(RequirementId, RequirementSetId)
VALUES	('REQ_YNAMP_UNIT_ON_OCEAN', 'REQSET_YNAMP_NAVAL_UNIT_ON_OCEAN');

INSERT OR IGNORE INTO RequirementSetRequirements
		(RequirementId, RequirementSetId)
VALUES	('REQ_UNIT_CLASS_NAVAL', 'REQSET_YNAMP_NAVAL_UNIT_ON_OCEAN');

INSERT OR IGNORE INTO RequirementSetRequirements
		(RequirementId, RequirementSetId)
VALUES	('REQ_YNAMP_UNIT_ON_OCEAN', 'REQSET_YNAMP_LAND_UNIT_ON_OCEAN');

INSERT OR IGNORE INTO RequirementSetRequirements
		(RequirementId, RequirementSetId)
VALUES	('REQ_YNAMP_UNIT_DOMAIN_LAND', 'REQSET_YNAMP_LAND_UNIT_ON_OCEAN');

INSERT OR IGNORE INTO Types
		(Type, Kind)
VALUES	('MOD_YNAMP_MO_OCEAN_NAVAL_MOVEMENT_TYPE', 'KIND_MODIFIER'),
		('MOD_YNAMP_MO_OCEAN_EMBARKED_MOVEMENT_TYPE', 'KIND_MODIFIER');

INSERT OR IGNORE INTO DynamicModifiers
		(ModifierType, CollectionType, EffectType)
VALUES	('MOD_YNAMP_MO_OCEAN_NAVAL_MOVEMENT_TYPE', 'COLLECTION_ALL_UNITS', 'EFFECT_UNIT_ADJUST_MOVEMENT'),
		('MOD_YNAMP_MO_OCEAN_EMBARKED_MOVEMENT_TYPE', 'COLLECTION_ALL_UNITS', 'EFFECT_ADJUST_UNIT_EMBARKED_MOVEMENT');

INSERT OR IGNORE INTO Modifiers
		(ModifierId, ModifierType, NewOnly, OwnerRequirementSetId, OwnerStackLimit, Permanent, RunOnce, SubjectRequirementSetId, SubjectStackLimit)
VALUES	('MOD_YNAMP_MO_OCEAN_NAVAL_MOVEMENT', 'MOD_YNAMP_MO_OCEAN_NAVAL_MOVEMENT_TYPE', 0, NULL, NULL, 0, 0, 'REQSET_YNAMP_NAVAL_UNIT_ON_OCEAN', NULL),
		('MOD_YNAMP_MO_OCEAN_EMBARKED_MOVEMENT', 'MOD_YNAMP_MO_OCEAN_EMBARKED_MOVEMENT_TYPE', 0, NULL, NULL, 0, 0, 'REQSET_YNAMP_LAND_UNIT_ON_OCEAN', NULL);

INSERT OR IGNORE INTO ModifierArguments
		(ModifierId, Name, Value)
VALUES	('MOD_YNAMP_MO_OCEAN_NAVAL_MOVEMENT', 'Amount', '2'),
		('MOD_YNAMP_MO_OCEAN_EMBARKED_MOVEMENT', 'Amount', '2');

INSERT OR IGNORE INTO ModifierStrings
		(Context, ModifierId, Text)
VALUES	('Description', 'MOD_YNAMP_MO_OCEAN_NAVAL_MOVEMENT', 'LOC_YNAMP_MOD_MODERN_OCEAN_NAVAL_MOVEMENT_DESCRIPTION'),
		('Description', 'MOD_YNAMP_MO_OCEAN_EMBARKED_MOVEMENT', 'LOC_YNAMP_MOD_MODERN_OCEAN_EMBARKED_MOVEMENT_DESCRIPTION');

INSERT OR IGNORE INTO GameModifiers
		(ModifierId)
VALUES	('MOD_YNAMP_MO_OCEAN_NAVAL_MOVEMENT'),
		('MOD_YNAMP_MO_OCEAN_EMBARKED_MOVEMENT');